Name,x_UTM,y_UTM,x_LL,y_LL,z,z_DEM
270223-Base1,316220.884,4502086.907,-71.5437418941,-49.6058168586,361.912,368.431272081
270223T6T9a-0001,316221.195,4502086.331,-71.5437378634,-49.6058221289,362.808,368.395885584
270223T6T9a-0002,316221.130,4502086.262,-71.5437387945,-49.6058227292,362.830,368.396270094
270223T6T7a-0001,316113.655,4502039.097,-71.5452469202,-49.6062138581,362.614,368.8357588
270223T6T7a-0002,316114.949,4502037.723,-71.5452296712,-49.6062265982,362.621,368.809756301
270223T6T7a-0003,316117.849,4502034.150,-71.5451912454,-49.6062595867,362.656,368.715538041
270223T6T7a-0004,316120.737,4502030.407,-71.545153065,-49.606294099,362.728,368.788016786
270223T6T7a-0005,316123.863,4502026.885,-71.5451114903,-49.6063266979,362.722,369.030639632
270223T6T7a-0006,316126.990,4502022.945,-71.5450700974,-49.6063630531,362.859,369.158259146
270223T6T7a-0007,316129.734,4502019.153,-71.5450339309,-49.6063979619,362.987,369.086970745
270223T6T7a-0008,316132.829,4502015.525,-71.5449928343,-49.6064315038,363.024,369.014080888
270223T6T7a-0009,316135.928,4502011.733,-71.5449517591,-49.6064665205,362.985,369.202588134
270223T6T7a-0010,316138.889,4502007.772,-71.544912671,-49.6065030139,363.080,369.473399113
270223T6T7a-0011,316142.212,4502003.960,-71.5448685078,-49.6065382785,363.073,369.589092275
270223T6T7a-0012,316145.120,4502000.225,-71.5448300467,-49.6065727249,363.061,369.57459518
270223T6T7a-0013,316147.979,4501996.458,-71.544792278,-49.606607444,363.151,369.602100193
270223T6T7a-0014,316150.914,4501992.776,-71.5447534187,-49.6066414224,363.172,369.789111175
270223T6T7a-0015,316154.179,4501988.949,-71.5447100642,-49.6066768041,363.153,370.095783316
270223T6T7a-0016,316157.451,4501985.282,-71.544666538,-49.6067107501,363.133,370.275649317
270223T6T7a-0017,316160.511,4501981.839,-71.5446258382,-49.6067426189,363.181,370.131915366
270223T6T7a-0018,316163.340,4501978.015,-71.5445885108,-49.606777841,363.242,369.817604358
270223T6T7a-0019,316166.391,4501973.903,-71.5445482485,-49.6068157184,363.255,369.624355922
270223T6T7a-0020,316169.319,4501969.702,-71.5445097285,-49.6068543582,363.306,369.721607758
270223T6T7a-0021,316172.496,4501965.648,-71.5444676966,-49.6068917528,363.417,369.974289105
270223T6T7a-0022,316175.672,4501961.608,-71.544425672,-49.6069290213,363.410,370.218166663
270223T6T7a-0023,316178.913,4501957.722,-71.5443826765,-49.6069649257,363.583,370.198375958
270223T6T7a-0024,316182.118,4501953.691,-71.5443402466,-49.6070021221,363.666,369.926552348
270223T6T7a-0025,316185.600,4501949.650,-71.5442939911,-49.6070394926,363.749,369.682085796
270223T6T7a-0026,316188.819,4501945.748,-71.544251307,-49.6070755341,363.812,369.495609859
270223T6T7a-0027,316192.202,4501941.506,-71.5442065144,-49.6071146806,364.005,369.457619876
270223T6T7a-0028,316195.517,4501937.243,-71.5441626717,-49.607153995,364.173,369.651486026
270223T6T7a-0029,316198.862,4501933.284,-71.5441182719,-49.607190587,364.406,370.064201443
270223T6T7a-0030,316201.945,4501929.566,-71.5440773821,-49.6072249336,364.602,370.629632594
270223T6T7a-0031,316205.201,4501925.657,-71.5440341894,-49.6072610492,364.912,371.389486585
270223T6T7a-0032,316208.340,4501921.913,-71.5439925373,-49.6072956464,365.110,372.096405884
270223T6T7a-0033,316211.575,4501918.378,-71.5439494598,-49.6073283949,365.361,372.632603663
270223T6T7a-0034,316214.767,4501914.591,-71.5439070948,-49.6073633946,365.574,372.888041304
270223T6T7a-0035,316217.318,4501910.901,-71.5438735477,-49.6073973279,365.770,372.8186233
270223T6T7a-0036,316220.712,4501907.317,-71.5438282945,-49.6074305649,365.962,372.530650921
270223T6T7a-0037,316223.477,4501903.548,-71.5437918252,-49.607465273,366.210,372.34520929
270223T6T7a-0038,316226.445,4501899.722,-71.5437525756,-49.6075005551,366.400,372.390827512
270223T6T7a-0039,316229.884,4501895.762,-71.5437068759,-49.6075371844,366.730,372.621990139
270223T6T7a-0040,316233.184,4501891.628,-71.5436631795,-49.607575335,367.015,372.845964418
270223T6T7a-0041,316236.495,4501887.757,-71.5436192079,-49.6076111257,367.238,372.900177022
270223T6T7a-0042,316239.835,4501883.881,-71.5435748376,-49.60764697,367.589,372.96085903
270223T6T7a-0043,316243.303,4501879.855,-71.5435287675,-49.6076842012,367.928,373.512585515
270223T6T7a-0044,316246.652,4501875.770,-71.5434843704,-49.6077219263,368.303,374.347636619
270223T6T7a-0045,316250.148,4501871.873,-71.5434378527,-49.6077580068,368.664,374.852784241
270223T6T7a-0046,316253.621,4501868.186,-71.5433915546,-49.6077921932,368.964,375.171476893
270223T6T7a-0047,316257.122,4501864.589,-71.5433448272,-49.6078255794,369.376,375.436159733
270223T6T7a-0048,316260.097,4501861.101,-71.5433053221,-49.6078578262,369.716,375.810798471
270223T6T7a-0049,316263.091,4501857.491,-71.5432656112,-49.6078911751,370.108,376.403137341
270223T6T7a-0050,316266.120,4501854.096,-71.5432253158,-49.6079226026,370.523,377.059794705
270223T6T7a-0051,316268.934,4501850.649,-71.5431880175,-49.6079544321,371.007,377.605165402
270223T6T7a-0052,316271.561,4501847.246,-71.5431532844,-49.6079858093,371.417,377.990988483
270223T6T7a-0053,316274.815,4501844.222,-71.543109704,-49.6080139714,371.918,378.353078812
270223T6T7a-0054,316277.965,4501841.258,-71.5430675337,-49.6080415628,372.416,378.848295674
270223T6T7a-0055,316280.381,4501838.654,-71.5430353443,-49.6080656962,372.881,379.234632056
270223T6T7a-0056,316280.562,4501838.300,-71.5430330071,-49.6080689322,372.962,379.278081134
270223T6T7a-0057,316282.053,4501836.887,-71.5430130511,-49.6080820823,373.202,379.466607381
270223T6T7a-0058,316284.499,4501834.028,-71.5429805661,-49.6081085162,373.623,379.857373335
270223T6T7a-0059,316287.249,4501830.530,-71.5429441764,-49.6081407844,374.117,380.358999864
270223T6T7a-0060,316290.323,4501826.651,-71.5429034846,-49.6081765746,374.529,380.794594127
270223T6T7a-0061,316293.208,4501822.850,-71.5428653698,-49.6082116065,374.869,381.227859358
270223T6T7a-0062,316296.412,4501819.012,-71.5428228612,-49.6082470678,375.165,381.903269022
270223T6T7a-0063,316298.871,4501816.169,-71.5427901887,-49.6082733618,375.349,382.386628141
270223T6T7a-0064,316298.897,4501815.992,-71.542789912,-49.6082749602,375.357,382.401972884
270223T6T7a-0065,316301.050,4501813.220,-71.5427614376,-49.6083005232,375.523,382.66428914
270223T6T7a-0066,316304.620,4501809.254,-71.5427139277,-49.6083372459,375.642,382.729533716
270223T6T7a-0067,316307.689,4501805.185,-71.5426733937,-49.6083747418,375.886,382.772216624
270223T6T7a-0068,316310.908,4501801.207,-71.5426307428,-49.6084114657,375.960,382.92234838
270223T6T7a-0069,316314.267,4501796.862,-71.5425863277,-49.6084515298,376.121,383.042193935
270223T6T7a-0070,316317.717,4501792.912,-71.5425404695,-49.6084880722,376.257,383.022421388
270223T6T7a-0071,316321.120,4501788.924,-71.5424952788,-49.6085249417,376.297,382.747073637
270223T6T7a-0072,316324.275,4501784.892,-71.5424535379,-49.6085621312,376.469,382.421344281
270223T6T7a-0073,316327.248,4501780.671,-71.542414402,-49.6086009638,376.532,382.355888523
270223T6T7a-0074,316329.967,4501776.545,-71.5423787339,-49.6086388654,376.697,382.52201982
270223T6T7a-0075,316332.521,4501772.546,-71.5423452879,-49.6086755758,376.731,382.827476125
270223T6T7a-0076,316335.590,4501768.553,-71.5423047177,-49.6087123887,376.822,383.289658787
270223T6T7a-0077,316338.640,4501764.424,-71.5422644738,-49.6087504179,376.958,383.670167423
270223T6T7a-0078,316341.672,4501760.344,-71.5422244559,-49.6087880013,376.973,383.705330976
270223T6T7a-0079,316344.564,4501756.411,-71.542186305,-49.6088242212,377.035,383.491999304
270223T6T7a-0080,316347.585,4501752.500,-71.54214636,-49.6088602826,377.159,383.412977994
270223T6T7a-0081,316350.640,4501748.573,-71.5421059523,-49.6088964981,377.174,383.586159199
270223T6T7a-0082,316353.458,4501744.585,-71.5420688502,-49.6089331898,377.309,383.824647401
270223T6T7a-0083,316356.179,4501740.960,-71.5420329196,-49.6089665901,377.373,383.9060889
270223T6T7a-0084,316359.328,4501736.831,-71.5419913064,-49.6090046492,377.440,383.897890426
270223T6T7a-0085,316362.896,4501733.034,-71.5419437439,-49.6090398524,377.439,383.928171437
270223T6T7a-0086,316365.861,4501728.768,-71.5419047389,-49.6090790867,377.574,383.916966111
270223T6T7a-0087,316367.336,4501726.787,-71.541885269,-49.6090973357,377.629,383.913817092
270223T6T7b-0001,316326.637,4501689.552,-71.5424654624,-49.6094195551,378.120,384.49793683
270223T6T7b-0002,316326.629,4501689.596,-71.5424655525,-49.6094191573,378.124,384.497553631
270223T6T7b-0003,316325.550,4501690.576,-71.5424800145,-49.6094100233,378.096,384.480773245
270223T6T7b-0004,316322.307,4501693.743,-71.5425233775,-49.6093805797,377.988,384.432105389
270223T6T7b-0005,316318.888,4501697.193,-71.5425690417,-49.6093485397,377.876,384.411842878
270223T6T7b-0006,316315.384,4501700.927,-71.5426157484,-49.6093139218,377.818,384.400817378
270223T6T7b-0007,316311.919,4501704.814,-71.5426618443,-49.6092779409,377.706,384.318266292
270223T6T7b-0008,316308.556,4501708.517,-71.5427066156,-49.6092436444,377.696,384.162406738
270223T6T7b-0009,316305.062,4501712.165,-71.5427532241,-49.6092098023,377.600,384.047957769
270223T6T7b-0010,316301.640,4501716.033,-71.5427987341,-49.6091740052,377.435,384.038930355
270223T6T7b-0011,316297.978,4501719.877,-71.5428475738,-49.6091383508,377.320,383.793843298
270223T6T7b-0012,316294.551,4501723.636,-71.5428932037,-49.6091035315,377.205,383.509930238
270223T6T7b-0013,316291.005,4501727.064,-71.5429406339,-49.6090716504,377.105,383.427098085
270223T6T7b-0014,316287.827,4501730.856,-71.5429828051,-49.6090366103,377.050,383.250018924
270223T6T7b-0015,316284.493,4501734.622,-71.5430271456,-49.6090017564,376.880,382.978051005
270223T6T7b-0016,316280.981,4501738.588,-71.5430738538,-49.6089650512,376.832,382.674022101
270223T6T7b-0017,316277.339,4501742.505,-71.5431223824,-49.6089287468,376.733,382.391355708
270223T6T7b-0018,316273.711,4501746.588,-71.5431706397,-49.608890955,376.555,382.238412097
270223T6T7b-0019,316270.333,4501750.492,-71.5432155238,-49.6088548476,376.518,382.150291311
270223T6T7b-0020,316266.818,4501754.266,-71.543262363,-49.6088198667,376.344,382.134531152
270223T6T7b-0021,316263.380,4501758.445,-71.543307948,-49.6087812699,376.224,382.264386737
270223T6T7b-0022,316259.582,4501762.162,-71.5433587269,-49.6087467151,376.143,382.337675202
270223T6T7b-0023,316256.140,4501765.956,-71.5434045472,-49.6087115767,376.021,382.271044454
270223T6T7b-0024,316252.892,4501769.613,-71.5434477488,-49.6086777282,375.905,382.131647254
270223T6T7b-0025,316249.538,4501773.083,-71.5434925037,-49.6086455278,375.702,381.893777963
270223T6T7b-0026,316246.171,4501776.678,-71.5435373797,-49.6086122003,375.449,381.426166407
270223T6T7b-0027,316242.859,4501780.395,-71.5435814381,-49.6085777931,375.200,380.948550153
270223T6T7b-0028,316239.045,4501784.378,-71.5436323135,-49.6085408432,374.776,380.671252467
270223T6T7b-0029,316235.507,4501788.201,-71.5436794472,-49.6085054148,374.399,380.269683827
270223T6T7b-0030,316231.921,4501791.741,-71.543727377,-49.6084725148,373.894,379.826934492
270223T6T7b-0031,316228.342,4501795.760,-71.5437749858,-49.6084353127,373.325,379.44193201
270223T6T7b-0032,316224.924,4501799.924,-71.5438203005,-49.6083968566,372.836,379.096346112
270223T6T7b-0033,316221.439,4501803.639,-71.5438667516,-49.6083624148,372.347,378.651389377
270223T6T7b-0034,316218.167,4501807.309,-71.5439102784,-49.608328442,371.836,378.121903946
270223T6T7b-0035,316214.654,4501810.857,-71.5439571947,-49.6082954923,371.413,377.574638711
270223T6T7b-0036,316211.119,4501814.447,-71.5440043955,-49.6082621584,371.041,377.209860706
270223T6T7b-0037,316208.150,4501818.109,-71.5440437361,-49.6082283496,370.623,376.823226385
270223T6T7b-0038,316204.578,4501821.528,-71.5440915284,-49.608196541,370.189,376.331931003
270223T6T7b-0039,316200.960,4501825.445,-71.5441397237,-49.6081602435,369.847,376.083407298
270223T6T7b-0040,316197.373,4501829.391,-71.5441874767,-49.6081236948,369.377,375.871298208
270223T6T7b-0041,316193.753,4501833.404,-71.5442356545,-49.608086534,369.038,375.624219943
270223T6T7b-0042,316190.027,4501837.444,-71.5442852854,-49.6080490983,368.693,375.471616413
270223T6T7b-0043,316186.469,4501841.354,-71.544332654,-49.6080128818,368.234,375.205922474
270223T6T7b-0044,316182.938,4501845.560,-71.5443795107,-49.6079740138,367.956,374.56737727
270223T6T7b-0045,316179.335,4501849.354,-71.5444275557,-49.6079388259,367.563,373.966076827
270223T6T7b-0046,316176.025,4501853.173,-71.5444715375,-49.6079035025,367.250,373.542919781
270223T6T7b-0047,316172.400,4501857.068,-71.5445198393,-49.6078674004,366.968,373.152218624
270223T6T7b-0048,316168.925,4501860.816,-71.5445661357,-49.6078326648,366.657,372.783015652
270223T6T7b-0049,316165.365,4501864.509,-71.5446136331,-49.6077983976,366.397,372.275323733
270223T6T7b-0050,316161.821,4501868.018,-71.5446609953,-49.6077657885,366.165,371.815530307
270223T6T7b-0051,316158.240,4501871.903,-71.5447086931,-49.6077297896,365.918,371.734429113
270223T6T7b-0052,316154.565,4501875.601,-71.5447577781,-49.6076954423,365.787,371.838142388
270223T6T7b-0053,316150.901,4501879.220,-71.544806748,-49.6076618083,365.568,371.750967439
270223T6T7b-0054,316147.287,4501882.939,-71.5448549796,-49.6076272909,365.322,371.297253693
270223T6T7b-0055,316143.305,4501886.597,-71.5449083281,-49.6075932097,365.124,370.801601733
270223T6T7b-0056,316139.754,4501890.490,-71.544955607,-49.6075571478,364.927,370.733874655
270223T6T7b-0057,316135.648,4501894.613,-71.5450104524,-49.6075188505,364.713,370.902272374
270223T6T7b-0058,316131.946,4501898.661,-71.5450597465,-49.6074813499,364.560,371.200011344
270223T6T7b-0059,316128.189,4501902.630,-71.545109838,-49.6074445424,364.392,371.474252466
270223T6T7b-0060,316124.662,4501906.512,-71.5451567899,-49.6074085867,364.303,371.229558429
270223T6T7b-0061,316120.978,4501910.270,-71.5452059706,-49.6073736974,364.241,371.028734272
270223T6T7b-0062,316117.152,4501913.848,-71.545257199,-49.6073403823,364.190,371.157316089
270223T6T7b-0063,316113.348,4501917.596,-71.5453080436,-49.6073055463,364.021,371.314189398
270223T6T7b-0064,316109.565,4501921.329,-71.5453586048,-49.6072708515,364.109,371.16662829
270223T6T7b-0065,316105.991,4501925.105,-71.5454062558,-49.6072358338,364.028,371.048045232
270223T6T7b-0066,316102.451,4501928.431,-71.5454536473,-49.6072048701,364.038,370.95341419
270223T6T7b-0067,316098.852,4501931.849,-71.5455018115,-49.6071730617,363.970,370.602505816
270223T6T7b-0068,316095.676,4501935.591,-71.545543975,-49.6071384706,363.993,370.248009782
270223T6T7b-0069,316092.173,4501938.771,-71.5455909231,-49.60710883,364.030,370.221447448
270223T6T7b-0070,316088.630,4501941.896,-71.54563845,-49.6070796715,363.993,370.419324502
270223T6T7b-0071,316086.338,4501944.605,-71.5456688737,-49.6070546316,363.996,370.489557887
270223T6T7b-0072,316085.766,4501944.769,-71.5456767061,-49.6070529839,363.985,370.478385841
270223T6T7b-0073,316085.667,4501945.210,-71.5456778685,-49.607048991,363.986,370.481420717
270223T6T7b-0074,316082.864,4501947.683,-71.5457154684,-49.6070259163,363.931,370.342321558
270223T6T7b-0075,316079.006,4501951.485,-71.5457670337,-49.6069905785,363.805,370.128743401
270223T6T7b-0076,316075.276,4501955.270,-71.545816837,-49.6069554323,363.781,370.262824595
270223T6T7b-0077,316071.638,4501958.853,-71.5458654627,-49.6069221293,363.677,370.470785972
270223T6T7b-0078,316068.068,4501962.199,-71.5459132591,-49.6068909765,363.571,370.461587104
270223T6T7b-0079,316064.381,4501965.597,-71.5459626488,-49.6068593209,363.538,370.291121822
270223T6T7b-0080,316060.836,4501969.086,-71.5460100324,-49.6068268907,363.648,370.241367325
270223T6T7b-0081,316057.260,4501972.859,-71.5460577116,-49.6067918992,363.594,370.116405881
270223T6T7c-0001,315705.427,4501697.528,-71.5510517382,-49.609158782,368.097,374.036856651
270223T6T7c-0002,315705.403,4501697.398,-71.5510521311,-49.6091599428,368.092,374.034102501
270223T6T7c-0003,315707.545,4501694.341,-71.5510239464,-49.6091880653,368.084,373.900885116
270223T6T7c-0004,315710.352,4501690.445,-71.5509869598,-49.6092239297,368.032,373.910375012
270223T6T7c-0005,315713.501,4501686.093,-71.5509454581,-49.6092639958,368.089,374.123665286
270223T6T7c-0006,315716.869,4501681.960,-71.5509008252,-49.6093021608,368.037,374.168410621
270223T6T7c-0007,315719.820,4501677.640,-71.5508620462,-49.6093418789,368.032,374.040553376
270223T6T7c-0008,315722.775,4501673.570,-71.5508230946,-49.6093793519,367.991,373.927026054
270223T6T7c-0009,315726.064,4501669.523,-71.5507795136,-49.60941672,368.007,374.066716852
270223T6T7c-0010,315729.238,4501665.353,-71.5507375804,-49.6094551582,367.953,374.228262852
270223T6T7c-0011,315732.594,4501661.342,-71.5506930559,-49.6094922232,368.016,374.36086354
270223T6T7c-0012,315735.664,4501657.202,-71.5506525466,-49.6095303601,368.014,374.449394526
270223T6T7c-0013,315738.730,4501653.085,-71.5506120818,-49.6095682892,368.053,374.60153395
270223T6T7c-0014,315741.794,4501649.120,-71.5505715733,-49.6096048518,368.033,374.651621247
270223T6T7c-0015,315744.741,4501644.974,-71.5505327675,-49.6096430051,368.067,374.485627387
270223T6T7c-0016,315747.920,4501640.914,-71.5504907132,-49.6096804564,367.964,374.34416206
270223T6T7c-0017,315751.247,4501636.976,-71.5504465551,-49.6097168565,367.935,374.463759859
270223T6T7c-0018,315754.303,4501632.839,-71.5504062376,-49.6097549621,367.932,374.620973998
270223T6T7c-0019,315757.452,4501628.520,-71.5503647195,-49.6097947315,367.929,374.557917006
270223T6T7c-0020,315760.781,4501624.211,-71.5503207075,-49.6098344659,367.905,374.533679577
270223T6T7c-0021,315764.100,4501620.121,-71.550276731,-49.6098722293,368.006,374.542493694
270223T6T7c-0022,315767.364,4501616.011,-71.5502335244,-49.6099101557,368.008,374.361899329
270223T6T7c-0023,315770.528,4501611.689,-71.5501918,-49.6099499565,368.049,373.967327396
270223T6T7c-0024,315773.760,4501607.484,-71.5501490803,-49.6099887268,367.992,373.805022021
270223T6T7c-0025,315776.981,4501603.116,-71.5501065891,-49.6100289583,368.054,374.014051914
270223T6T7c-0026,315780.219,4501598.685,-71.5500638924,-49.6100697611,368.014,374.388934218
270223T6T7c-0027,315783.189,4501594.536,-71.5500247692,-49.6101079482,368.127,374.571667057
270223T6T7c-0028,315786.458,4501589.949,-71.5499817167,-49.6101501622,368.149,374.473012023
270223T6T7c-0029,315789.790,4501585.530,-71.5499377143,-49.6101908858,368.181,374.386491806
270223T6T7c-0030,315793.151,4501580.985,-71.5498933698,-49.6102327504,368.284,374.565631368
270223T6T7c-0031,315796.459,4501576.467,-71.5498497455,-49.6102743563,368.387,374.888574767
270223T6T7c-0032,315799.797,4501572.108,-71.5498056317,-49.6103145425,368.480,375.070926075
270223T6T7c-0033,315802.948,4501567.462,-71.5497642384,-49.6103572506,368.536,374.992562528
270223T6T7c-0034,315806.157,4501562.894,-71.5497220063,-49.6103992755,368.745,374.949392591
270223T6T7c-0035,315809.391,4501558.317,-71.5496794327,-49.6104413889,368.884,375.292337488
270223T6T7c-0036,315812.828,4501553.754,-71.5496340453,-49.6104834383,369.009,375.508807955
270223T6T7c-0037,315816.205,4501549.270,-71.5495894504,-49.6105247596,369.099,375.567828685
270223T6T7c-0038,315819.400,4501544.786,-71.5495473723,-49.6105660253,369.292,375.840026759
270223T6T7c-0039,315822.472,4501540.346,-71.5495069743,-49.6106068582,369.415,376.360528217
270223T6T7c-0040,315825.840,4501536.162,-71.549462363,-49.610645481,369.593,376.59644034
270223T6T7c-0041,315828.794,4501531.707,-71.5494236036,-49.6106864127,369.783,376.607401319
270223T6T7c-0042,315831.799,4501527.241,-71.5493841441,-49.6107274588,369.911,376.659973745
270223T6T7c-0043,315834.984,4501522.966,-71.5493421059,-49.6107668434,370.256,376.856576701
270223T6T7c-0044,315838.378,4501518.667,-71.5492971887,-49.6108065073,370.537,377.080936861
270223T6T7c-0045,315841.278,4501514.121,-71.5492592185,-49.6108482402,370.776,377.315820123
270223T6T7c-0046,315844.491,4501509.626,-71.549216896,-49.6108896102,371.115,377.515004493
270223T6T7c-0047,315847.508,4501505.456,-71.5491771314,-49.6109280001,371.475,377.428328593
270223T6T7c-0048,315850.610,4501501.389,-71.549136143,-49.6109654903,371.792,377.241297383
270223T6T7c-0049,315853.829,4501497.276,-71.5490935583,-49.6110034296,372.056,377.522403054
270223T6T7c-0050,315856.920,4501493.383,-71.5490526403,-49.6110393529,372.482,378.508617684
270223T6T7c-0051,315859.613,4501489.749,-71.5490171045,-49.6110728276,372.809,379.482553655
270223T6T7c-0052,315862.376,4501485.915,-71.5489806945,-49.6111081208,373.170,380.123068658
270223T6T7c-0053,315865.563,4501482.307,-71.5489383152,-49.6111415125,373.476,380.277967565
270223T6T7c-0054,315868.418,4501478.327,-71.5489007013,-49.6111781456,373.874,380.227794951
270223T6T7c-0055,315871.127,4501474.142,-71.5488652024,-49.6112165763,374.329,380.427053537
270223T6T7c-0056,315874.390,4501470.242,-71.5488219089,-49.6112526149,374.689,381.1781763
270223T6T7c-0057,315877.550,4501466.265,-71.5487800758,-49.6112893139,375.064,382.098991747
270223T6T7c-0058,315880.377,4501462.341,-71.5487428226,-49.6113254353,375.538,382.738156358
270223T6T7c-0059,315883.150,4501458.452,-71.5487062997,-49.6113612257,375.976,383.007100236
270223T6T7c-0060,315886.241,4501454.535,-71.5486653924,-49.6113973646,376.472,383.136866001
270223T6T7c-0061,315889.118,4501450.468,-71.5486275146,-49.6114347861,376.857,383.433859873
270223T6T7c-0062,315892.132,4501446.173,-71.5485878492,-49.6114742981,377.413,384.09779319
270223T6T7c-0063,315895.246,4501441.949,-71.5485467676,-49.6115132025,377.798,384.89962621
270223T6T7c-0064,315898.133,4501438.026,-71.5485086839,-49.6115493331,378.351,385.440438931
270223T6T7c-0065,315901.094,4501434.018,-71.5484696167,-49.61158625,378.789,385.789403661
270223T6T7c-0066,315903.986,4501430.078,-71.5484314717,-49.6116225348,379.166,386.111756075
270223T6T7c-0067,315906.926,4501426.197,-71.5483926352,-49.6116583041,379.620,386.28867825
270223T6T7c-0068,315909.983,4501422.181,-71.548352244,-49.6116953221,379.934,386.365091996
270223T6T7c-0069,315912.808,4501418.509,-71.5483148998,-49.6117291783,380.227,386.549285019
270223T6T7c-0070,315915.535,4501414.628,-71.5482790086,-49.6117648827,380.503,386.913520064
270223T6T7c-0071,315917.733,4501411.788,-71.5482499447,-49.6117910717,380.758,387.189419383
270223T6T7c-0072,315918.951,4501409.715,-71.5482340732,-49.6118100702,380.842,387.299732375
270223T6T7c-0073,315921.625,4501405.441,-71.5481990991,-49.6118492898,381.068,387.435280906
270223T6T7c-0074,315924.380,4501400.755,-71.5481631979,-49.6118922362,381.269,387.639610996
270223T6T7c-0075,315927.133,4501396.286,-71.5481272226,-49.6119332321,381.435,387.764778494
270223T6T7c-0076,315929.904,4501391.837,-71.5480909889,-49.6119740537,381.590,387.837692064
270223T6T7c-0077,315932.964,4501387.707,-71.5480506092,-49.6120120969,381.675,388.278256266
270223T6T7c-0078,315935.659,4501383.442,-71.5480153402,-49.612051242,381.878,388.737759526
270223T6T7c-0079,315938.675,4501379.154,-71.5479756428,-49.6120906915,382.013,388.886341869
270223T6T7c-0080,315941.484,4501374.535,-71.5479389631,-49.6121330522,382.161,388.780128837
270223T6T7c-0081,315944.118,4501370.159,-71.5479045895,-49.6121731761,382.353,388.764455946
270223T6T7c-0082,315947.140,4501365.987,-71.5478647546,-49.612211585,382.386,388.859493239
270223T6T7c-0083,315949.747,4501361.666,-71.5478307284,-49.6122512065,382.476,388.929686274
270223T6T7c-0084,315952.727,4501357.313,-71.5477915591,-49.612291229,382.622,389.052936669
270223T6T7c-0085,315955.607,4501352.777,-71.5477538583,-49.6123328655,382.676,389.18647075
270223T6T7c-0086,315958.548,4501348.441,-71.5477152202,-49.6123727234,382.757,389.199811283
270223T6T7c-0087,315961.573,4501344.121,-71.5476754129,-49.6124124631,382.773,389.126208374
270223T6T7c-0088,315964.385,4501339.651,-71.5476386214,-49.6124534858,382.906,389.110628511
270223T6T7c-0089,315967.352,4501335.142,-71.5475997047,-49.6124949061,382.915,389.302731323
270223T6T7c-0090,315969.936,4501330.590,-71.5475661044,-49.6125365961,382.989,389.670051342
270223T6T7c-0091,315973.178,4501326.190,-71.5475233335,-49.6125771207,383.070,389.734918148
270223T6T7d-0001,315894.649,4501242.961,-71.548648316,-49.6133010772,383.836,390.201026501
270223T6T7d-0002,315894.642,4501242.978,-71.5486484048,-49.6133009223,383.833,390.200352048
270223T6T7d-0003,315892.362,4501245.062,-71.5486789578,-49.6132815014,383.755,390.166468293
270223T6T7d-0004,315889.012,4501248.576,-71.5487236373,-49.6132489049,383.692,390.273729556
270223T6T7d-0005,315885.391,4501252.266,-71.5487719818,-49.6132146443,383.661,390.421710852
270223T6T7d-0006,315881.864,4501255.963,-71.5488190231,-49.6131803494,383.522,390.082096528
270223T6T7d-0007,315878.462,4501259.481,-71.5488644196,-49.613147701,383.576,389.495573598
270223T6T7d-0008,315874.844,4501263.141,-71.5489127365,-49.6131137109,383.472,389.336213406
270223T6T7d-0009,315871.255,4501266.896,-71.5489606077,-49.6130788759,383.498,389.702793389
270223T6T7d-0010,315867.327,4501270.792,-71.5490131008,-49.6130426706,383.377,390.027560407
270223T6T7d-0011,315863.552,4501275.016,-71.5490633242,-49.6130035645,383.312,390.301137319
270223T6T7d-0012,315859.572,4501278.976,-71.5491165062,-49.6129667682,383.310,390.357803018
270223T6T7d-0013,315855.877,4501282.947,-71.5491657417,-49.6129299599,383.188,390.160980565
270223T6T7d-0014,315852.016,4501286.768,-71.5492173431,-49.6128944489,383.213,389.928573765
270223T6T7d-0015,315848.354,4501290.921,-71.5492660368,-49.6128560152,383.035,389.506904339
270223T6T7d-0016,315844.509,4501295.096,-71.5493172508,-49.612817328,383.011,388.71451358
270223T6T7d-0017,315840.582,4501298.872,-71.5493697857,-49.6127822011,382.844,388.338119723
270223T6T7d-0018,315836.855,4501303.017,-71.5494193818,-49.6127438195,382.731,388.534094546
270223T6T7d-0019,315833.241,4501306.968,-71.5494675062,-49.6127072154,382.607,388.765774974
270223T6T7d-0020,315829.635,4501310.684,-71.54951563,-49.6126727255,382.371,388.884276166
270223T6T7d-0021,315825.979,4501314.406,-71.5495644424,-49.6126381663,382.208,388.771575871
270223T6T7d-0022,315822.321,4501318.304,-71.5496131999,-49.6126020251,381.867,388.462088458
270223T6T7d-0023,315818.486,4501322.275,-71.5496643707,-49.6125651739,381.602,388.030162823
270223T6T7d-0024,315814.947,4501326.235,-71.5497114533,-49.6125285118,381.194,387.761777297
270223T6T7d-0025,315811.307,4501330.146,-71.5497599555,-49.6124922591,380.790,387.663040181
270223T6T7d-0026,315807.523,4501334.056,-71.5498104494,-49.6124559716,380.296,387.273826584
270223T6T7d-0027,315803.938,4501338.036,-71.5498581586,-49.6124191156,379.699,386.399354666
270223T6T7d-0028,315799.893,4501341.756,-71.5499123508,-49.6123844558,379.235,385.515997023
270223T6T7d-0029,315796.373,4501345.961,-71.5499590553,-49.6123455978,378.697,385.028759273
270223T6T7d-0030,315792.626,4501349.854,-71.5500090453,-49.6123094742,378.088,384.573153186
270223T6T7d-0031,315788.695,4501353.863,-71.5500615253,-49.6122722522,377.529,384.043575211
270223T6T7d-0032,315784.851,4501357.995,-71.5501127443,-49.6122339513,376.990,383.749026537
270223T6T7d-0033,315780.854,4501362.027,-71.550166126,-49.6121965024,376.514,383.423731857
270223T6T7d-0034,315776.914,4501366.254,-71.5502186279,-49.6121573187,376.089,382.745848293
270223T6T7d-0035,315772.845,4501370.443,-71.5502729315,-49.612118437,375.647,381.852554934
270223T6T7d-0036,315768.706,4501374.743,-71.5503281508,-49.6120785366,375.112,381.225498543
270223T6T7d-0037,315764.832,4501378.855,-71.5503797937,-49.6120404062,374.687,380.877966422
270223T6T7d-0038,315761.002,4501383.025,-71.5504308009,-49.6120017681,374.364,380.621485542
270223T6T7d-0039,315757.258,4501387.165,-71.5504806328,-49.6119634257,373.993,380.439804224
270223T6T7d-0040,315753.305,4501391.109,-71.5505334467,-49.6119267808,373.641,380.250466269
270223T6T7d-0041,315749.440,4501395.304,-71.5505849259,-49.6118879073,373.271,379.92329005
270223T6T7d-0042,315745.638,4501399.142,-71.5506357013,-49.6118522609,372.973,379.52400604
270223T6T7d-0043,315741.911,4501403.131,-71.5506853687,-49.6118152805,372.603,379.200221447
270223T6T7d-0044,315737.962,4501407.075,-71.550738127,-49.6117786367,372.224,378.757966653
270223T6T7d-0045,315733.976,4501411.128,-71.5507913457,-49.6117410022,371.928,378.136202895
270223T6T7d-0046,315730.083,4501415.168,-71.5508432845,-49.6117035128,371.686,377.767985784
270223T6T7d-0047,315726.310,4501419.457,-71.5508934468,-49.6116638225,371.327,377.833608385
270223T6T7d-0048,315722.201,4501423.663,-71.5509482944,-49.6116247756,371.049,377.925575457
270223T6T7d-0049,315718.136,4501427.752,-71.5510025884,-49.6115867934,370.828,377.72823565
270223T6T7d-0050,315714.255,4501431.692,-71.5510544078,-49.6115502062,370.677,377.421398566
270223T6T7d-0051,315710.340,4501435.840,-71.5511065996,-49.6115117396,370.456,377.067718325
270223T6T7d-0052,315705.993,4501439.996,-71.5511647616,-49.6114730693,370.283,376.952025969
270223T6T7d-0053,315702.313,4501444.442,-71.5512135637,-49.6114319965,370.065,377.034117766
270223T6T7d-0054,315698.734,4501448.779,-71.5512610203,-49.6113919339,369.911,376.548752006
270223T6T7d-0055,315694.795,4501452.802,-71.5513136023,-49.6113545831,369.819,375.773089736
270223T6T7d-0056,315691.315,4501456.618,-71.5513599342,-49.6113192322,369.643,375.4834879
270223T6T7d-0057,315687.421,4501460.403,-71.5514120056,-49.6112840337,369.542,375.658275227
270223T6T7d-0058,315683.597,4501463.973,-71.5514632098,-49.6112507884,369.472,375.769378811
270223T6T7d-0059,315679.951,4501467.645,-71.5515119046,-49.6112166808,369.395,375.649233412
270223T6T7d-0060,315676.177,4501471.297,-71.5515623787,-49.6111827139,369.286,375.547209917
270223T6T7d-0061,315672.558,4501475.053,-71.5516106606,-49.6111478597,369.335,375.793623546
270223T6T7d-0062,315668.409,4501478.819,-71.5516662667,-49.6111127539,369.250,376.080016242
270223T6T7d-0063,315664.757,4501482.263,-71.5517151512,-49.6110806932,369.259,375.829469989
270223T6T7d-0064,315660.939,4501485.925,-71.5517662288,-49.6110466229,369.198,375.59324683
270223T6T7d-0065,315657.195,4501489.899,-71.5518161366,-49.6110097716,369.182,375.644410441
270223T6T7d-0066,315653.217,4501493.697,-71.5518693628,-49.6109744304,369.239,375.872193938
270223T6T7d-0067,315649.427,4501497.629,-71.5519199262,-49.6109379425,369.218,375.944297659
270223T6T7d-0068,315646.714,4501500.167,-71.551956251,-49.6109143091,369.274,375.891288932
270223T6T7d-0069,315645.690,4501501.245,-71.5519699051,-49.6109043102,369.205,375.865237853
270223T6T7d-0070,315642.082,4501504.580,-71.5520182319,-49.6108732422,369.304,375.721935566
270223T6T7d-0071,315638.701,4501508.539,-71.5520631267,-49.6108366363,369.397,375.51102386
270223T6T7d-0072,315634.960,4501512.245,-71.5521131184,-49.610802194,369.402,375.452196125
270223T6T7d-0073,315631.154,4501516.008,-71.5521639821,-49.6107672196,369.459,375.519001053
270223T6T7d-0074,315627.347,4501519.937,-71.5522147816,-49.6107307533,369.481,375.662858495
270223T6T7d-0075,315623.337,4501523.668,-71.5522684811,-49.6106960042,369.526,375.879754704
270223T6T7d-0076,315619.274,4501527.425,-71.5523229013,-49.6106610053,369.513,375.985831019
270223T6T7d-0077,315615.698,4501531.459,-71.552370457,-49.6106236659,369.468,375.912912946
270223T6T7d-0078,315611.989,4501535.014,-71.5524200766,-49.6105905901,369.484,375.837860743
270223T6T7d-0079,315608.420,4501538.571,-71.5524677593,-49.610557539,369.520,375.794011658
270223T6T7d-0080,315604.988,4501542.050,-71.5525135841,-49.6105252305,369.472,375.753712702
270223T6T7d-0081,315601.228,4501545.417,-71.5525639971,-49.6104938284,369.494,375.652235873
270223-Base2,317678.692,4502614.056,-71.5233400117,-49.6015214,350.531,352.376118948
270223-Base2test,317676.733,4502613.525,-71.5233673431,-49.6015255808,349.540,352.423854405
270223-Base2tesu,317676.726,4502613.522,-71.5233674413,-49.6015256056,349.536,352.423991596
270223-Base2tesv,317676.737,4502613.537,-71.5233672822,-49.6015254742,349.541,352.424223327
270223T6T7e-0001,317785.196,4502471.478,-71.5219336161,-49.6028347091,348.321,349.944541109
270223T6T7e-0002,317785.147,4502471.462,-71.521934301,-49.6028348381,348.332,349.946317978
270223T6T7e-0003,317782.804,4502469.779,-71.5219674766,-49.6028492553,348.401,350.039550673
270223T6T7e-0004,317778.838,4502467.089,-71.5220235593,-49.602872232,348.456,350.21140389
270223T6T7e-0005,317774.905,4502464.148,-71.5220793023,-49.6028974742,348.543,350.546295777
270223T6T7e-0006,317770.805,4502461.210,-71.5221373529,-49.602922639,348.671,350.660859051
270223T6T7e-0007,317766.766,4502458.223,-71.5221945829,-49.6029482625,348.770,350.576293605
270223T6T7e-0008,317762.914,4502455.035,-71.5222493207,-49.6029757485,348.883,350.542533239
270223T6T7e-0009,317758.944,4502451.937,-71.5223056483,-49.6030023902,348.956,350.512405232
270223T6T7e-0010,317754.876,4502448.894,-71.5223633055,-49.6030285081,348.988,350.583588747
270223T6T7e-0011,317750.727,4502445.987,-71.5224220195,-49.6030533794,349.131,350.692220288
270223T6T7e-0012,317746.572,4502443.008,-71.52248085,-49.6030788959,349.231,350.785209794
270223T6T7e-0013,317742.368,4502440.241,-71.5225402596,-49.6031024926,349.409,350.883795342
270223T6T7e-0014,317738.304,4502437.428,-71.522597755,-49.6031265448,349.643,351.006509453
270223T6T7e-0015,317734.207,4502434.465,-71.5226557763,-49.6031519349,349.788,351.167680105
270223T6T7e-0016,317730.159,4502431.697,-71.5227130297,-49.6031755875,349.989,351.256496657
270223T6T7e-0017,317726.055,4502428.884,-71.5227710783,-49.6031996275,350.185,351.35076207
270223T6T7e-0018,317721.928,4502426.063,-71.5228294486,-49.6032237325,350.305,351.669848695
270223T6T7e-0019,317717.930,4502423.190,-71.5228860596,-49.6032483436,350.558,352.080155879
270223T6T7e-0020,317713.735,4502420.258,-71.5229454218,-49.6032734254,350.849,352.439893505
270223T6T7e-0021,317709.660,4502417.232,-71.5230031684,-49.6032993881,351.071,352.722691624
270223T6T7e-0022,317705.605,4502414.536,-71.5230604855,-49.6033223914,351.333,353.120895747
270223T6T7e-0023,317701.582,4502411.805,-71.5231173765,-49.6033457189,351.697,353.595868417
270223T6T7e-0024,317697.644,4502408.979,-71.5231731363,-49.6033699256,352.069,354.034311888
270223T6T7e-0025,317693.623,4502406.313,-71.5232299696,-49.6033926695,352.419,354.417951982
270223T6T7e-0026,317689.875,4502403.403,-71.5232831415,-49.6034176883,352.824,354.646901025
270223T6T7e-0027,317685.969,4502400.809,-71.5233383513,-49.6034398198,353.314,354.964876228
270223T6T7e-0028,317682.363,4502398.097,-71.5233894681,-49.6034631022,353.779,355.426264401
270223T6T7e-0029,317678.739,4502395.611,-71.5234407289,-49.6034843482,354.185,355.950239092
270223T6T7e-0030,317675.224,4502393.046,-71.5234905193,-49.603506337,354.714,356.579215182
270223T6T7e-0031,317671.775,4502390.690,-71.5235393003,-49.6035264677,355.191,357.21178817
270223T6T7e-0032,317668.483,4502388.341,-71.5235859072,-49.6035465827,355.739,357.688285588
270223T6T7e-0033,317665.130,4502385.896,-71.5236334022,-49.603567542,356.257,358.07726394
270223T6T7e-0034,317661.915,4502383.542,-71.5236789469,-49.6035877252,356.760,358.484500755
270223T6T7e-0035,317658.522,4502381.294,-71.5237269036,-49.6036069021,357.470,358.888497076
270223T6T7e-0036,317655.114,4502378.908,-71.5237751317,-49.6036273146,357.994,359.40824194
270223T6T7e-0037,317652.047,4502376.571,-71.5238186223,-49.6036473896,358.552,360.08292657
270223T6T7e-0038,317648.951,4502374.548,-71.5238623682,-49.6036646342,359.177,360.783276607
270223T6T7e-0039,317645.820,4502372.124,-71.5239067842,-49.6036854717,359.865,361.483837304
270223T6T7e-0040,317642.911,4502369.829,-71.5239480708,-49.6037052169,360.500,362.134995505
270223T6T7e-0041,317639.989,4502367.827,-71.5239894012,-49.6037223253,361.189,362.761950345
270223T6T7e-0042,317637.111,4502365.755,-71.5240301557,-49.6037400759,361.814,363.373363748
270223T6T7e-0043,317634.249,4502363.652,-71.5240707035,-49.60375811,362.439,363.976894739
270223T6T7e-0044,317631.445,4502361.739,-71.5241103611,-49.6037744541,363.111,364.562987191
270223T6T7e-0045,317627.831,4502359.401,-71.5241614156,-49.603794373,363.897,365.330247286
270223T6T7e-0046,317625.376,4502357.155,-71.5241964024,-49.6038138147,364.572,365.971254314
270223T6T7e-0047,317622.719,4502355.294,-71.5242340035,-49.603829736,365.144,366.633936166
270223T6T7e-0048,317619.883,4502353.386,-71.5242741014,-49.6038460255,365.829,367.405851917
270223T6T7e-0049,317617.158,4502351.442,-71.5243126813,-49.603862672,366.448,368.166613889
270223T6T7e-0050,317614.578,4502349.822,-71.5243491059,-49.6038764508,367.051,368.782838535
270223T6T7e-0051,317611.713,4502347.691,-71.5243897084,-49.6038947354,367.714,369.428440809
270223T6T7e-0052,317608.982,4502345.973,-71.5244282664,-49.6039093493,368.377,369.977153232
270223T6T7e-0053,317606.333,4502344.230,-71.5244657022,-49.6039242125,368.891,370.559686036
270223T6T7e-0054,317603.611,4502342.393,-71.524504191,-49.6039398984,369.530,371.195001165
270223T6T7e-0055,317600.793,4502340.528,-71.5245440203,-49.6039558068,370.157,371.907602688
270223T6T7e-0056,317597.936,4502338.290,-71.5245845619,-49.6039750553,370.913,372.783261386
270223T6T7e-0057,317595.015,4502336.133,-71.5246259509,-49.6039935566,371.629,373.74641735
270223T6T7e-0058,317592.374,4502333.985,-71.5246634643,-49.6040120614,372.183,374.536428664
270223T6T7e-0059,317589.404,4502331.792,-71.5247055476,-49.6040308714,372.861,375.128062137
270223T6T7e-0060,317587.095,4502330.084,-71.5247382663,-49.6040455226,373.363,375.418012111
270223T6T7e-0061,317584.497,4502327.950,-71.5247751787,-49.6040639146,373.882,375.651668249
270223T6T7e-0062,317581.598,4502325.571,-71.5248163667,-49.6040844173,374.302,375.843402334
270223T6T7e-0063,317578.584,4502323.089,-71.5248591927,-49.6041058109,374.881,376.049898256
270223T6T7e-0064,317575.296,4502320.380,-71.5249059126,-49.6041291615,375.297,376.450766504
270223T6T7e-0065,317572.125,4502317.641,-71.5249510287,-49.604152817,375.656,376.966845683
270223T6T7e-0066,317568.826,4502314.820,-71.5249979528,-49.6041771707,376.063,377.468580181
270223T6T7e-0067,317565.514,4502312.010,-71.5250450516,-49.6042014217,376.277,377.937500429
270223T6T7e-0068,317562.401,4502309.184,-71.5250894063,-49.6042258764,376.466,378.352176504
270223T6T7e-0069,317560.692,4502307.687,-71.5251137313,-49.6042388126,376.620,378.541172657
270223T6T7e-0070,317558.313,4502305.474,-71.5251476527,-49.6042579804,376.703,378.757861843
270223T6T7e-0071,317555.018,4502302.698,-71.5251945007,-49.6042819309,376.813,378.86067533
270223T6T7e-0072,317551.399,4502299.628,-71.5252459653,-49.6043084254,376.912,378.724193844
270223T6T7e-0073,317547.717,4502296.981,-71.5252981045,-49.6043310999,376.985,378.494459897
270223T6T7e-0074,317544.235,4502293.938,-71.5253476623,-49.6043573931,377.036,378.558636817
270223T6T7e-0075,317540.573,4502290.846,-71.5253997317,-49.6043840722,377.113,378.916241904
270223T6T7e-0076,317537.035,4502287.887,-71.5254500249,-49.6044095937,377.202,379.109335426
270223T6T7e-0077,317533.497,4502285.041,-71.5255002657,-49.6044340997,377.221,379.133715985
270223T6T7e-0078,317530.014,4502282.204,-71.5255497419,-49.6044585414,377.289,379.089998147
270223T6T7e-0079,317526.330,4502279.236,-71.5256020581,-49.6044840996,377.328,379.067292854
270223T6T7e-0080,317522.715,4502276.118,-71.5256534901,-49.6045110264,377.405,379.26196639
270223T6T7e-0081,317519.048,4502273.111,-71.5257055895,-49.6045369401,377.454,379.499633159
270223T6T7e-0082,317515.504,4502270.097,-71.5257559915,-49.6045629539,377.454,379.654428318
270223T6T7e-0083,317511.822,4502267.183,-71.5258082553,-49.6045880273,377.495,379.616715557
270223T6T7f-0001,317499.499,4502216.427,-71.5260022214,-49.6050403964,377.993,379.216365033
270223T6T7f-0002,317499.447,4502216.419,-71.5260029441,-49.6050404526,377.983,379.2169176
270223T6T7f-0003,317500.506,4502217.413,-71.5259878397,-49.6050318403,377.947,379.204002109
270223T6T7f-0004,317504.019,4502219.856,-71.5259381309,-49.6050109483,377.944,379.315825244
270223T6T7f-0005,317507.675,4502222.358,-71.5258864176,-49.6049895693,377.912,379.585552729
270223T6T7f-0006,317511.594,4502224.881,-71.525831058,-49.6049680809,377.877,380.082757194
270223T6T7f-0007,317515.433,4502227.332,-71.5257768381,-49.6049472154,377.841,380.432264676
270223T6T7f-0008,317519.275,4502230.043,-71.525722456,-49.6049240144,377.792,380.392220594
270223T6T7f-0009,317523.483,4502232.652,-71.5256630607,-49.6049018404,377.816,380.124594302
270223T6T7f-0010,317527.614,4502235.422,-71.5256046553,-49.6048781964,377.758,379.662231441
270223T6T7f-0011,317531.429,4502237.943,-71.5255507349,-49.6048566945,377.696,379.351026032
270223T6T7f-0012,317535.551,4502240.551,-71.5254925294,-49.6048345034,377.634,379.188439771
270223T6T7f-0013,317539.567,4502243.010,-71.5254358587,-49.6048136192,377.604,379.032334253
270223T6T7f-0014,317543.532,4502245.560,-71.525379851,-49.6047919019,377.575,379.105270595
270223T6T7f-0015,317547.781,4502248.036,-71.5253199508,-49.6047709353,377.583,379.32587199
270223T6T7f-0016,317551.629,4502250.780,-71.5252654708,-49.6047474393,377.519,379.513407363
270223T6T7f-0017,317555.702,4502253.341,-71.5252079649,-49.6047256557,377.445,379.611961256
270223T6T7f-0018,317559.932,4502255.801,-71.525148335,-49.604704827,377.383,379.4307107
270223T6T7f-0019,317564.017,4502258.542,-71.5250905796,-49.6046814294,377.369,379.307253711
270223T6T7f-0020,317568.037,4502261.134,-71.5250337922,-49.6046593511,377.285,379.363009373
270223T6T7f-0021,317572.101,4502263.886,-71.5249763222,-49.6046358483,377.163,379.319753291
270223T6T7f-0022,317576.146,4502266.550,-71.5249191558,-49.6046131305,377.096,379.147969567
270223T6T7f-0023,317580.282,4502269.264,-71.524860708,-49.6045899909,377.056,378.789150988
270223T6T7f-0024,317584.428,4502271.898,-71.5248021591,-49.6045675731,376.941,378.396111209
270223T6T7f-0025,317588.506,4502274.591,-71.5247445231,-49.6045446046,376.756,378.066267334
270223T6T7f-0026,317592.544,4502277.436,-71.5246873697,-49.6045202581,376.555,377.780058849
270223T6T7f-0027,317596.488,4502279.917,-71.524631685,-49.6044991541,376.325,377.594229473
270223T6T7f-0028,317600.342,4502282.531,-71.5245771831,-49.6044768278,376.003,377.399499601
270223T6T7f-0029,317604.107,4502284.885,-71.5245240324,-49.604456811,375.715,377.195431134
270223T6T7f-0030,317608.003,4502287.330,-71.5244690283,-49.6044360159,375.365,376.940667537
270223T6T7f-0031,317611.671,4502289.797,-71.5244171665,-49.6044149543,374.898,376.513372417
270223T6T7f-0032,317615.790,4502292.240,-71.52435908,-49.6043942445,374.265,375.947286888
270223T6T7f-0033,317619.759,4502294.683,-71.5243030676,-49.6043734893,373.597,375.255439138
270223T6T7f-0034,317623.559,4502297.410,-71.5242492601,-49.6043501311,372.766,374.388223528
270223T6T7f-0035,317627.629,4502299.835,-71.5241918597,-49.6043295682,371.887,373.658980438
270223T6T7f-0036,317631.718,4502302.302,-71.5241341771,-49.6043086335,370.981,373.013896326
270223T6T7f-0037,317635.460,4502304.761,-71.5240812961,-49.6042876659,370.053,372.136213611
270223T6T7f-0038,317639.045,4502307.085,-71.5240306486,-49.6042678641,369.222,371.090570484
270223T6T7f-0039,317642.216,4502309.239,-71.5239858043,-49.604249465,368.366,370.080585489
270223T6T7f-0040,317645.499,4502311.484,-71.5239393692,-49.604230282,367.569,369.004042719
270223T6T7f-0041,317648.849,4502313.539,-71.523892096,-49.6042128264,366.744,368.011400635
270223T6T7f-0042,317652.177,4502315.678,-71.523845088,-49.6041946094,365.760,367.135114624
270223T6T7f-0043,317655.511,4502317.881,-71.5237979673,-49.6041758191,364.824,366.300649626
270223T6T7f-0044,317659.096,4502320.428,-71.5237472165,-49.6041540133,363.896,365.390281101
270223T6T7f-0045,317662.778,4502323.037,-71.5236950959,-49.6041316796,363.014,364.516336891
270223T6T7f-0046,317666.552,4502325.564,-71.5236417412,-49.6041101105,362.077,363.687568902
270223T6T7f-0047,317670.073,4502327.957,-71.523591947,-49.6040896692,361.177,362.942319144
270223T6T7f-0048,317673.837,4502330.531,-71.5235387089,-49.6040676747,360.228,362.095822218
270223T6T7f-0049,317677.568,4502333.016,-71.5234859685,-49.6040464699,359.266,361.336676439
270223T6T7f-0050,317681.764,4502335.865,-71.5234266298,-49.6040221345,358.264,360.490373483
270223T6T7f-0051,317686.084,4502338.696,-71.523365585,-49.6039979982,357.468,359.470882007
270223T6T7f-0052,317690.319,4502341.424,-71.5233057633,-49.6039747618,356.641,358.362848255
270223T6T7f-0053,317694.396,4502344.229,-71.5232480905,-49.6039507858,356.014,357.353612189
270223T6T7f-0054,317698.302,4502346.762,-71.5231929084,-49.6039292023,355.371,356.74609025
270223T6T7f-0055,317702.325,4502349.209,-71.5231361485,-49.6039084269,354.839,356.259390124
270223T6T7f-0056,317706.294,4502352.004,-71.5230799738,-49.6038845081,354.156,355.862227317
270223T6T7f-0057,317710.529,4502354.787,-71.5230201269,-49.6038607773,353.588,355.46659886
270223T6T7f-0058,317714.901,4502357.718,-71.5229583171,-49.6038357579,353.084,354.890891521
270223T6T7f-0059,317719.142,4502360.516,-71.5228983804,-49.6038118941,352.482,354.323482045
270223T6T7f-0060,317723.714,4502363.365,-71.5228338434,-49.6037876717,351.925,353.805315543
270223T6T7f-0061,317727.793,4502366.655,-71.5227759185,-49.6037593379,351.401,353.388682364
270223T6T7f-0062,317732.020,4502369.523,-71.522716143,-49.6037348407,351.135,352.978480308
270223T6T7f-0063,317736.312,4502372.424,-71.5226554536,-49.6037100666,350.742,352.555206053
270223T6T7f-0064,317740.689,4502375.427,-71.5225935416,-49.6036844015,350.396,352.326530792
270223T6T7f-0065,317745.108,4502378.528,-71.5225310036,-49.6036578683,350.060,352.093183211
270223T6T7f-0066,317749.729,4502381.395,-71.5224657812,-49.6036334988,349.819,351.756956199
270223T6T7f-0067,317753.863,4502384.317,-71.5224072668,-49.6036084882,349.529,351.187170859
270223T6T7f-0068,317757.980,4502387.291,-71.5223489635,-49.6035830051,349.312,350.373345752
270223T6T7f-0069,317762.066,4502389.987,-71.5222912178,-49.6035600108,349.095,349.895430286
270223T6T7f-0070,317766.444,4502392.810,-71.5222293759,-49.6035359633,348.893,349.809370876
270223T6T7f-0071,317770.773,4502395.476,-71.5221682843,-49.6035133117,348.747,350.151492362
270223T6T7f-0072,317774.824,4502398.219,-71.5221110009,-49.6034898844,348.533,350.367822009
270223T6T7f-0073,317779.053,4502400.656,-71.5220513984,-49.6034692604,348.419,350.334493911
270223T6T7f-0074,317782.814,4502402.603,-71.5219984939,-49.6034528985,348.300,350.239845725
270223T6T7f-0075,317784.786,4502403.717,-71.5219707114,-49.6034434825,348.232,350.166421697
270223T6T7f-0076,317788.619,4502405.554,-71.5219168625,-49.6034281307,348.121,349.999697124
270223T6T7f-0077,317792.733,4502407.681,-71.521858994,-49.6034102576,347.996,349.862242781
270223T6T7f-0078,317796.759,4502409.621,-71.5218024289,-49.6033940383,347.906,349.727126986
270223T6T7f-0079,317800.696,4502411.781,-71.5217469924,-49.6033758153,347.819,349.552192298
270223T5T6a-0001,317843.193,4502353.096,-71.5211866181,-49.603915963,346.769,347.557249697
270223T5T6a-0002,317843.759,4502352.984,-71.5211788442,-49.60391714,346.776,347.556155424
270223T5T6a-0003,317847.792,4502352.684,-71.5211232205,-49.603921051,346.697,347.660389293
270223T5T6a-0004,317852.172,4502352.311,-71.5210628328,-49.6039257225,346.622,348.001425118
270223T5T6a-0005,317856.880,4502351.964,-71.5209978979,-49.6039302593,346.537,348.343104728
270223T5T6a-0006,317861.886,4502351.503,-71.5209288955,-49.6039359101,346.365,348.179344659
270223T5T6a-0007,317866.977,4502351.252,-71.5208586205,-49.6039396995,346.310,347.944857534
270223T5T6a-0008,317872.004,4502350.975,-71.5207892424,-49.6039437032,346.128,347.725470705
270223T5T6a-0009,317877.054,4502350.600,-71.5207195917,-49.6039485944,345.981,347.632450721
270223T5T6a-0010,317882.102,4502350.134,-71.5206500108,-49.6039543027,345.899,347.446773946
270223T5T6a-0011,317887.425,4502349.708,-71.5205766091,-49.6039597343,345.683,346.986092235
270223T5T6a-0012,317892.560,4502349.284,-71.5205058058,-49.6039650913,345.518,346.6660026
270223T5T6a-0013,317897.463,4502348.615,-71.5204383239,-49.6039725799,345.262,346.436927573
270223T5T6a-0014,317902.370,4502348.266,-71.5203706382,-49.6039771942,344.995,346.36949432
270223T5T6a-0015,317907.070,4502348.113,-71.5203057239,-49.6039799848,344.584,346.149207292
270223T5T6a-0016,317911.390,4502347.857,-71.5202461114,-49.6039835865,344.204,345.737986765
270223T5T6a-0017,317915.576,4502347.747,-71.520188284,-49.6039858359,343.695,345.251517677
270223T5T6a-0018,317919.648,4502347.308,-71.5201321853,-49.6039910072,343.179,344.71223865
270223T5T6a-0019,317924.449,4502346.919,-71.5200659838,-49.6039959488,342.472,344.135667666
270223T5T6a-0020,317928.537,4502346.738,-71.5200095443,-49.6039988066,341.805,343.628987036
270223T5T6a-0021,317932.231,4502346.487,-71.519958585,-49.6040021747,341.241,343.03084595
270223T5T6a-0022,317934.145,4502346.248,-71.5199322315,-49.6040048988,340.951,342.678951533
270223T5T6a-0023,317934.155,4502346.380,-71.519932032,-49.6040037156,340.935,342.677216828
270223T5T6a-0024,317934.203,4502346.484,-71.5199313202,-49.6040027955,340.932,342.668032477
270223T5T6a-0025,317934.142,4502346.361,-71.5199322206,-49.6040038824,340.933,342.679672964
270223T5T6a-0026,317934.112,4502346.401,-71.5199326169,-49.604003514,340.930,342.685342855
270223T5T6a-0027,317934.159,4502346.360,-71.519931986,-49.6040038966,340.944,342.676456467
270223T5T6b-0001,317844.875,4502349.588,-71.5211649882,-49.6039479925,346.741,347.640877888
270223T5T6c-0001,317851.823,4502349.681,-71.5210688776,-49.6039492505,346.612,347.925605957
270223T5T6c-0002,317851.861,4502349.652,-71.5210683657,-49.6039495225,346.613,347.928198958
270223T5T6c-0003,317853.988,4502350.059,-71.5210387677,-49.6039465061,346.538,348.103370442
270223T5T6c-0004,317858.765,4502350.687,-71.5209724267,-49.6039423023,346.454,348.270658687
270223T5T6c-0005,317864.044,4502351.339,-71.5208991337,-49.603938034,346.386,348.070212938
270223T5T6c-0006,317869.306,4502351.923,-71.5208261072,-49.6039343716,346.203,347.814737489
270223T5T6c-0007,317874.438,4502352.539,-71.5207548633,-49.6039303825,346.116,347.592769889
270223T5T6c-0008,317879.580,4502353.269,-71.5206834283,-49.6039253719,345.941,347.479000288
270223T5T6c-0009,317884.868,4502353.861,-71.5206100387,-49.6039216453,345.840,347.011202969
270223T5T6c-0010,317890.379,4502354.597,-71.5205334989,-49.6039166919,345.588,346.525682519
270223T5T6c-0011,317895.670,4502355.196,-71.5204600646,-49.6039129032,345.415,346.417255717
270223T5T6c-0012,317900.764,4502355.928,-71.5203892924,-49.60390786,345.112,346.355554391
270223T5T6c-0013,317905.952,4502356.505,-71.5203172924,-49.6039042379,344.692,346.21967068
270223T5T6c-0014,317910.950,4502357.062,-71.5202479287,-49.6039007382,344.252,345.916863112
270223T5T6c-0015,317916.089,4502357.665,-71.5201765942,-49.6038968676,343.608,345.243512162
270223T5T6c-0016,317921.134,4502358.290,-71.5201065492,-49.603892771,342.962,344.337212048
270223T5T6c-0017,317925.839,4502359.200,-71.5200410732,-49.6038860109,342.211,343.526437404
270223T5T6c-0018,317930.485,4502359.832,-71.5199765418,-49.6038817311,341.423,342.632080764
270223T5T6c-0019,317935.439,4502360.450,-71.5199077582,-49.6038776698,340.462,341.558755957
270223T5T6c-0020,317940.330,4502361.090,-71.5198398356,-49.6038733919,339.426,340.485225209
270223T5T6c-0021,317944.571,4502361.742,-71.5197808948,-49.6038688103,338.513,339.567953079
270223T5T6c-0022,317948.480,4502362.400,-71.5197265416,-49.6038640747,337.623,338.721122638
270223T5T6c-0023,317952.161,4502363.083,-71.5196753293,-49.6038590459,336.939,337.954814759
270223T5T6c-0024,317955.807,4502363.624,-71.5196246667,-49.6038552825,335.950,337.340531442
270223T5T6c-0025,317959.827,4502364.206,-71.519568814,-49.6038512632,335.093,336.711477988
270223T5T6c-0026,317963.508,4502364.832,-71.5195176281,-49.6038467465,334.114,336.007068973
270223T5T6c-0027,317967.205,4502365.819,-71.5194660538,-49.6038389906,333.242,335.225002216
270223T5T6c-0028,317971.286,4502366.737,-71.519409202,-49.6038319704,332.341,334.249082843
270223T5T6c-0029,317975.263,4502367.809,-71.5193537168,-49.6038235349,331.299,333.172916874
270223T5T6c-0030,317979.216,4502368.998,-71.5192985093,-49.6038140409,330.347,332.175178604
270223T5T6c-0031,317982.984,4502369.829,-71.5192460257,-49.6038077081,329.338,331.263192477
270223T5T6c-0032,317986.938,4502370.767,-71.5191909207,-49.6038004698,328.401,330.256823278
270223T5T6c-0033,317990.719,4502371.716,-71.5191382026,-49.6037930806,327.383,329.256046536
270223T5T6c-0034,317994.833,4502372.908,-71.5190807677,-49.6037836079,326.495,328.091573898
270223T5T6c-0035,317999.058,4502373.842,-71.5190219176,-49.6037764871,325.435,326.889769335
270223T5T6c-0036,318002.818,4502374.762,-71.5189695033,-49.603769352,324.501,325.814920045
270223T5T6c-0037,318006.889,4502375.668,-71.5189127955,-49.6037624364,323.526,324.675914219
270223T5T6c-0038,318010.881,4502376.675,-71.5188571332,-49.6037545893,322.458,323.607468145
270223T5T6c-0039,318015.374,4502377.423,-71.5187946638,-49.6037492204,321.435,322.445814998
270223T5T6c-0040,318019.463,4502378.295,-71.5187377229,-49.6037426156,320.330,321.504189088
270223T5T6c-0041,318022.846,4502379.146,-71.5186905533,-49.603735987,319.529,320.771564577
270223T5T6c-0042,318026.769,4502380.240,-71.5186358048,-49.6037273372,318.626,319.887328727
270223T5T6c-0043,318030.609,4502381.577,-71.5185820914,-49.6037164789,317.494,319.023344069
270223T5T6c-0044,318034.900,4502382.581,-71.5185222965,-49.6037087487,316.348,318.261987423
270223T5T6c-0045,318039.530,4502383.623,-71.5184577968,-49.603700779,315.310,317.610904649
270223T5T6c-0046,318044.467,4502384.835,-71.5183889735,-49.603691374,314.266,316.773788711
270223T5T6c-0047,318049.231,4502386.131,-71.5183225034,-49.6036811621,313.522,315.919833355
270223T5T6c-0048,318054.072,4502387.267,-71.5182550428,-49.6036724111,312.934,315.114251625
270223T5T6c-0049,318058.933,4502388.402,-71.5181873061,-49.6036636751,312.425,314.272829229
270223T5T6c-0050,318063.886,4502389.697,-71.5181182234,-49.6036535289,311.957,313.429049147
270223T5T6c-0051,318068.995,4502391.005,-71.5180469776,-49.6036433129,311.558,312.710587518
270223T5T6c-0052,318074.264,4502392.310,-71.5179735211,-49.6036331719,311.209,312.236831064
270223T5T6c-0053,318079.559,4502393.558,-71.5178997315,-49.6036235509,310.779,312.110679556
270223T5T6c-0054,318084.693,4502394.767,-71.517828186,-49.6036142318,310.492,312.12257692
270223T5T6c-0055,318089.816,4502395.613,-71.5177569607,-49.6036081713,310.169,312.075763133
270223T5T6c-0056,318095.096,4502396.897,-71.5176833619,-49.6035982222,309.919,311.84171201
270223T5T6c-0057,318100.110,4502398.118,-71.5176134702,-49.603588759,309.631,311.67391157
270223T5T6c-0058,318105.387,4502399.508,-71.5175398638,-49.6035778564,309.374,311.574984671
270223T5T6c-0059,318110.629,4502400.787,-71.5174667928,-49.6035679406,309.157,311.546514098
270223T5T6c-0060,318115.907,4502401.863,-71.517393318,-49.6035598597,308.868,311.167066303
270223T5T6c-0061,318120.871,4502403.082,-71.5173241186,-49.6035503993,308.677,310.608602269
270223T5T6c-0062,318125.911,4502403.861,-71.5172540721,-49.6035449156,308.395,309.81374908
270223T5T6c-0063,318131.095,4502404.528,-71.5171820865,-49.6035404816,308.245,309.424888627
270223T5T6c-0064,318136.149,4502405.158,-71.5171119154,-49.6035363409,307.944,309.384563748
270223T5T6c-0065,318141.312,4502405.687,-71.517040284,-49.6035331405,307.822,309.301023022
270223T5T6c-0066,318146.558,4502406.119,-71.5169675499,-49.6035308368,307.562,309.174181614
270223T5T6c-0067,318151.755,4502406.378,-71.5168955733,-49.6035300728,307.431,309.015310093
270223T5T6c-0068,318156.961,4502406.728,-71.5168234303,-49.6035284937,307.230,308.974001446
270223T5T6c-0069,318162.182,4502406.936,-71.5167511455,-49.6035281951,307.124,308.98463759
270223T5T6c-0070,318166.886,4502407.394,-71.5166858934,-49.6035254945,307.034,308.995148814
270223T5T6d-0001,318168.622,4502444.651,-71.5166446474,-49.6031912257,306.212,308.059777723
270223T5T6d-0002,318168.553,4502444.740,-71.5166455602,-49.6031904052,306.217,308.054090847
270223T5T6d-0003,318168.452,4502444.707,-71.516646972,-49.6031906714,306.220,308.057244083
270223T5T6d-0004,318166.568,4502444.138,-71.5166732844,-49.6031952177,306.325,308.142705101
270223T5T6d-0005,318163.846,4502443.168,-71.516711369,-49.6032031154,306.384,308.355660811
270223T5T6d-0006,318160.757,4502442.334,-71.5167544649,-49.6032096805,306.482,308.575406317
270223T5T6d-0007,318157.714,4502441.365,-71.5167969874,-49.6032174726,306.545,308.681358719
270223T5T6d-0008,318154.459,4502440.415,-71.5168424322,-49.6032250302,306.667,308.698847684
270223T5T6d-0009,318151.200,4502439.341,-71.5168879898,-49.6032337008,306.776,308.675936841
270223T5T6d-0010,318147.797,4502438.471,-71.516935444,-49.6032404949,306.834,308.593777632
270223T5T6d-0011,318144.572,4502437.446,-71.5169805089,-49.6032487354,307.096,308.501826785
270223T5T6d-0012,318141.318,4502436.348,-71.5170260085,-49.6032576231,307.147,308.494520547
270223T5T6d-0013,318138.192,4502435.636,-71.5170695597,-49.6032630807,307.314,308.5616012
270223T5T6d-0014,318134.860,4502434.662,-71.5171160804,-49.6032708307,307.507,308.726478858
270223T5T6d-0015,318131.766,4502433.718,-71.5171592965,-49.6032783826,307.626,309.016405195
270223T5T6d-0016,318128.403,4502433.101,-71.5172060806,-49.6032829152,307.740,309.392918604
270223T5T6d-0017,318125.043,4502432.175,-71.5172529663,-49.6032902253,307.973,309.729058541
270223T5T6d-0018,318121.345,4502431.337,-71.5173044846,-49.603296643,308.095,310.031954589
270223T5T6d-0019,318117.755,4502430.265,-71.5173546179,-49.6033051959,308.339,310.22836342
270223T5T6d-0020,318114.325,4502429.557,-71.5174023706,-49.6033105259,308.453,310.33910811
270223T5T6d-0021,318110.992,4502428.723,-71.5174488404,-49.6033170174,308.686,310.511166396
270223T5T6d-0022,318107.694,4502427.644,-71.5174949397,-49.603325721,308.839,310.78599189
270223T5T6d-0023,318104.285,4502426.762,-71.5175424826,-49.6033326209,309.035,311.004328702
270223T5T6d-0024,318100.810,4502426.095,-71.5175908385,-49.6033375689,309.204,310.983740371
270223T5T6d-0025,318097.449,4502425.383,-71.517637639,-49.6033429556,309.409,310.828483997
270223T5T6d-0026,318093.897,4502424.682,-71.5176870753,-49.6033481859,309.567,310.954994498
270223T5T6d-0027,318090.522,4502423.535,-71.5177342708,-49.6033574773,309.743,311.354918171
270223T5T6d-0028,318087.056,4502422.563,-71.5177826435,-49.6033651686,309.993,311.807260218
270223T5T6d-0029,318083.644,4502421.524,-71.5178303007,-49.6033734783,310.182,312.358590628
270223T5T6d-0030,318080.151,4502420.212,-71.5178792042,-49.6033842168,310.370,312.876978982
270223T5T6d-0031,318076.738,4502419.297,-71.5179268177,-49.6033914118,310.611,313.071866093
270223T5T6d-0032,318073.338,4502418.618,-71.5179741423,-49.6033964901,310.893,313.102563959
270223T5T6d-0033,318069.851,4502417.654,-71.5180228017,-49.6034041032,311.070,313.168860377
270223T5T6d-0034,318066.494,4502416.957,-71.5180695401,-49.6034093561,311.330,313.222145741
270223T5T6d-0035,318063.283,4502416.299,-71.5181142417,-49.6034143025,311.610,313.317711317
270223T5T6d-0036,318059.945,4502415.613,-71.5181607123,-49.6034194622,311.906,313.466723534
270223T5T6d-0037,318056.642,4502414.776,-71.5182067689,-49.6034259894,312.095,313.687519073
270223T5T6d-0038,318053.553,4502413.986,-71.5182498449,-49.6034321586,312.407,314.013168125
270223T5T6d-0039,318050.530,4502413.445,-71.518291893,-49.6034361102,312.812,314.415204779
270223T5T6d-0040,318047.358,4502412.549,-71.5183361657,-49.6034432069,313.124,314.900325687
270223T5T6d-0041,318044.174,4502411.938,-71.5183804723,-49.6034477389,313.491,315.444966735
270223T5T6d-0042,318041.444,4502410.549,-71.518418862,-49.6034593987,313.835,315.950032776
270223T5T6d-0043,318038.887,4502409.212,-71.5184548357,-49.6034706433,314.293,316.429215343
270223T5T6d-0044,318036.283,4502408.763,-71.5184910479,-49.6034738942,314.784,316.934030678
270223T5T6d-0045,318033.502,4502408.111,-71.5185298015,-49.6034789159,315.257,317.514929404
270223T5T6d-0046,318031.260,4502407.479,-71.5185610933,-49.6034839202,315.893,318.009681704
270223T5T6d-0047,318029.016,4502406.720,-71.5185924716,-49.6034900651,316.544,318.526638321
270223T5T6d-0048,318026.532,4502405.870,-71.5186272104,-49.6034969554,317.054,319.099752963
270223T5T6d-0049,318022.352,4502404.684,-71.5186855546,-49.6035063545,318.038,320.010143591
270223T5T6d-0050,318020.205,4502403.892,-71.518715607,-49.6035128251,318.655,320.452666495
270223T5T6d-0051,318017.852,4502403.106,-71.518748505,-49.6035191797,319.359,320.932621053
270223T5T6d-0052,318015.514,4502402.409,-71.5187811543,-49.6035247391,319.937,321.432816918
270223T5T6d-0053,318013.073,4502401.657,-71.5188152532,-49.6035307617,320.553,322.003816483
270223T5T6d-0054,318010.750,4502400.831,-71.5188477549,-49.6035374848,321.057,322.586091049
270223T5T6d-0055,318008.323,4502400.123,-71.5188816399,-49.6035431162,321.730,323.200680263
270223T5T6d-0056,318006.043,4502399.411,-71.5189134942,-49.6035488278,322.252,323.774050449
270223T5T6d-0057,318003.557,4502398.592,-71.5189482464,-49.6035554388,322.929,324.404192028
270223T5T6d-0058,318000.865,4502397.720,-71.5189858714,-49.6035624641,323.579,325.069027888
270223T5T6d-0059,317998.310,4502396.980,-71.519021541,-49.6035683445,324.209,325.657517985
270223T5T6d-0060,317996.093,4502396.268,-71.5190525243,-49.6035740751,324.669,326.134229642
270223T5T6d-0061,317993.755,4502395.597,-71.5190851617,-49.6035794007,325.351,326.646335557
270223T5T6d-0062,317991.460,4502394.723,-71.5191172985,-49.6035865635,325.888,327.226059626
270223T5T6d-0063,317989.277,4502394.322,-71.5191476676,-49.6035895096,326.378,327.854405697
270223T5T6d-0064,317987.079,4502393.610,-71.5191783883,-49.6035952458,326.949,328.557950825
270223T5T6d-0065,317984.972,4502393.005,-71.5192078011,-49.6036000479,327.456,329.224588215
270223T5T6d-0066,317982.791,4502392.438,-71.5192382195,-49.6036044863,327.978,329.86375895
270223T5T6d-0067,317980.561,4502392.034,-71.5192692399,-49.6036074451,328.490,330.491831677
270223T5T6d-0068,317978.568,4502391.599,-71.5192969978,-49.6036107539,329.038,331.04743834
270223T5T6d-0069,317976.332,4502390.930,-71.5193282239,-49.6036160923,329.553,331.657192466
270223T5T6d-0070,317974.044,4502390.273,-71.5193601635,-49.6036213071,330.085,332.180401182
270223T5T6d-0071,317972.117,4502390.132,-71.5193868726,-49.6036219939,330.565,332.480226269
270223T5T6d-0072,317970.139,4502389.511,-71.5194145093,-49.6036269786,331.126,332.838009659
270223T5T6d-0073,317968.548,4502389.375,-71.5194365703,-49.6036277216,331.562,333.092279386
270223T5T6d-0074,317968.608,4502389.447,-71.5194357074,-49.6036270927,331.567,333.072538685
270223T5T6d-0075,317968.584,4502389.425,-71.5194360494,-49.6036272831,331.573,333.079473689
270223T5T6d-0076,317968.150,4502389.410,-71.5194420571,-49.6036272872,331.544,333.152991718
270223T5T6d-0077,317966.138,4502388.781,-71.5194701676,-49.6036323335,332.118,333.582360047
270223T5T6d-0078,317963.754,4502388.196,-71.5195034012,-49.6036368724,332.686,334.066706036
270223T5T6d-0079,317961.358,4502387.436,-71.5195368818,-49.6036429803,333.267,334.601945602
270223T5T6d-0080,317959.100,4502387.117,-71.5195682499,-49.6036451668,333.856,335.154681853
270223T5T6d-0081,317956.857,4502386.273,-71.519599654,-49.6036520755,334.389,335.870501372
270223T5T6d-0082,317954.617,4502385.679,-71.5196309008,-49.6036567386,334.912,336.605898359
270223T5T6d-0083,317952.406,4502384.951,-71.5196618086,-49.6036626146,335.436,337.278324769
270223T5T6d-0084,317950.281,4502384.374,-71.5196914575,-49.6036671595,335.956,337.799930419
270223T5T6d-0085,317948.891,4502383.996,-71.5197108516,-49.6036701376,336.384,338.103763267
270223T5T6d-0086,317948.886,4502384.031,-71.5197109045,-49.6036698216,336.383,338.102971049
270223T5T6d-0087,317947.672,4502383.753,-71.5197278188,-49.6036719541,336.592,338.351074391
270223T5T6d-0088,317945.322,4502382.992,-71.5197606638,-49.6036780847,337.152,338.825812263
270223T5T6d-0089,317942.745,4502382.127,-71.5197966958,-49.6036850815,337.713,339.344162318
270223T5T6d-0090,317940.346,4502381.352,-71.5198302248,-49.6036913231,338.252,339.789533016
270223T5T6d-0091,317937.879,4502380.546,-71.5198647085,-49.6036978228,338.873,340.214656147
270223T5T6d-0092,317935.443,4502379.579,-71.5198988382,-49.6037057785,339.442,340.627035675
270223T5T6d-0093,317933.246,4502378.784,-71.5199295836,-49.6037122607,339.917,341.003911716
270223T5T6d-0094,317930.961,4502377.977,-71.5199615513,-49.6037188242,340.400,341.407868655
270223T5T6d-0095,317928.569,4502377.085,-71.5199950379,-49.6037261192,340.957,341.854035398
270223T5T6d-0096,317926.051,4502376.191,-71.5200302675,-49.6037333943,341.505,342.375830499
270223T5T6d-0097,317925.776,4502376.179,-71.5200340754,-49.6037334193,341.552,342.437586881
270223T5T6d-0098,317925.373,4502376.065,-71.5200397004,-49.6037343223,341.591,342.528225819
270223T5T6d-0099,317923.088,4502375.227,-71.5200716825,-49.6037411643,341.941,343.05586928
270223T5T6d-0100,317920.355,4502374.558,-71.5201097806,-49.6037463527,342.452,343.669930513
270223T5T6d-0101,317917.790,4502373.721,-71.5201456337,-49.6037531014,342.898,344.222042801
270223T5T6d-0102,317915.073,4502372.970,-71.5201835486,-49.6037590314,343.341,344.78559347
270223T5T6d-0103,317912.628,4502372.316,-71.5202176578,-49.6037641718,343.604,345.227422084
270223T5T6d-0104,317910.129,4502371.629,-71.5202525288,-49.6037695924,343.917,345.580893698
270223T5T6d-0105,317907.429,4502370.875,-71.5202902101,-49.6037755545,344.216,345.863180752
270223T5T6d-0106,317904.405,4502370.048,-71.520332405,-49.603782075,344.585,346.072244865
270223T5T6d-0107,317901.515,4502369.172,-71.5203727699,-49.6037890762,344.838,346.124182168
270223T5T6d-0108,317898.544,4502368.313,-71.5204142469,-49.6037959001,345.123,346.095460051
270223T5T6d-0109,317895.362,4502367.343,-71.5204586928,-49.6038036579,345.261,346.203562539
270223T5T6d-0110,317892.106,4502366.334,-71.5205041799,-49.6038117439,345.420,346.468755948
270223T5T6d-0111,317889.005,4502365.601,-71.520547396,-49.6038173964,345.572,346.719781443
270223T5T6d-0112,317885.819,4502364.442,-71.5205919848,-49.6038268514,345.752,346.941745024
270223T5T6d-0113,317882.638,4502363.619,-71.5206363487,-49.6038332885,345.862,347.211789261
270223T5T6d-0114,317879.148,4502362.665,-71.5206850458,-49.6038408097,345.923,347.396117633
270223T5T6d-0115,317875.799,4502361.652,-71.5207318207,-49.6038489035,345.983,347.400478965
270223T5T6d-0116,317872.716,4502360.864,-71.5207748135,-49.6038550556,346.085,347.463425441
270223T5T6d-0117,317869.397,4502359.790,-71.5208212019,-49.6038637065,346.208,347.732851414
270223T5T6d-0118,317866.052,4502358.652,-71.5208679795,-49.6038729247,346.246,348.030155715
270223T5T6d-0119,317862.664,4502357.770,-71.5209152329,-49.6038798295,346.326,348.257758918
270223T5T6d-0120,317859.294,4502356.763,-71.5209622955,-49.603887863,346.452,348.476301352
270223T5T6d-0121,317855.856,4502355.640,-71.5210103521,-49.6038969183,346.542,348.468916113
270223T5T6d-0122,317852.351,4502354.637,-71.5210592794,-49.6039048752,346.576,348.07407876
270223T5T6d-0123,317849.083,4502353.549,-71.5211049693,-49.6039136672,346.695,347.718029908
270223T5T6d-0124,317845.784,4502352.691,-71.5211509811,-49.603920383,346.712,347.589198459
270223T5T6d-0125,317842.322,4502351.771,-71.5211992755,-49.6039276069,346.778,347.595585532
270223T5T6d-0126,317839.012,4502350.837,-71.5212454747,-49.6039350024,346.888,347.843479019
270223T5T6d-0127,317835.626,4502349.638,-71.5212928476,-49.6039447562,346.916,348.360813566
270223T5T6d-0128,317832.990,4502348.847,-71.5213296614,-49.6039510697,347.004,348.686290517
